{"cameraMode":{"drawMode":0,"name":"Shaded","section":"Shading Mode"},"sceneLighting":false,"audioPlay":false,"sceneViewState":{"m_AlwaysRefresh":false,"showFog":true,"showSkybox":false,"showFlares":true,"showImageEffects":true,"showParticleSystems":true,"showVisualEffectGraphs":true,"m_FxEnabled":true},"in2DMode":false,"pivot":{"x":-11.733936309814454,"y":10.654814720153809,"z":-15.855509757995606},"rotation":{"x":-0.22019125521183015,"y":-0.3767332136631012,"z":0.09265022724866867,"w":-0.8950426578521729},"size":0.8660253882408142,"orthographic":false}