{"cameraMode":{"drawMode":0,"name":"Shaded","section":"Shading Mode"},"sceneLighting":false,"audioPlay":false,"sceneViewState":{"m_AlwaysRefresh":false,"showFog":true,"showSkybox":false,"showFlares":true,"showImageEffects":true,"showParticleSystems":true,"showVisualEffectGraphs":true,"m_FxEnabled":true},"in2DMode":false,"pivot":{"x":-0.7485710978507996,"y":-0.33701345324516299,"z":0.1218341812491417},"rotation":{"x":0.35174089670181277,"y":0.2977430820465088,"z":-0.1189945712685585,"w":0.8795375227928162},"size":0.9549853205680847,"orthographic":false}