{"cameraMode":{"drawMode":0,"name":"Shaded","section":"Shading Mode"},"sceneLighting":false,"audioPlay":false,"sceneViewState":{"m_AlwaysRefresh":false,"showFog":true,"showSkybox":false,"showFlares":true,"showImageEffects":true,"showParticleSystems":true,"showVisualEffectGraphs":true,"m_FxEnabled":true},"in2DMode":false,"pivot":{"x":-0.1919095516204834,"y":1.2594002485275269,"z":19.994625091552736},"rotation":{"x":-0.14304326474666596,"y":-0.14933842420578004,"z":0.021847715601325036,"w":-0.9781555533409119},"size":2.598079204559326,"orthographic":false}